<?xml version="1.0" encoding="UTF-8"?>

<beans xmlns="http://www.springframework.org/schema/beans" xmlns:xsi="http://www.w3.org/2001/XMLSchema-instance"
	xmlns:mvc="http://www.springframework.org/schema/mvc" xmlns:context="http://www.springframework.org/schema/context"
	xsi:schemaLocation="http://www.springframework.org/schema/mvc http://www.springframework.org/schema/mvc/spring-mvc.xsd
		http://www.springframework.org/schema/beans http://www.springframework.org/schema/beans/spring-beans.xsd
		http://www.springframework.org/schema/context http://www.springframework.org/schema/context/spring-context.xsd">

    <!-- Uncomment and your base-package here:
         <context:component-scan
            base-package="org.springframework.samples.web"/>  -->

	<mvc:resources location="/WEB-INF/js/" mapping="/js/**"/>
	<mvc:resources location="/WEB-INF/css/" mapping="/css/**"/>
	<mvc:resources location="/WEB-INF/image/" mapping="/image/**"/>
	
    <mvc:annotation-driven />
    <context:component-scan base-package="team.project.*"/>

	<!-- Resolver가 mvc-config가 아닌 tiles 파일에서 실행된다. -->
<!-- 	<bean class="org.springframework.web.servlet.view.InternalResourceViewResolver">
	        Example: a logical view name of 'showMessage' is mapped to '/WEB-INF/jsp/showMessage.jsp'
	        <property name="prefix" value="/WEB-INF/view/"/>
	        <property name="suffix" value=".jsp"/>
	</bean> -->
	
	<!-- definitions -> TilesConfigurer가 가지고 있는 멤버 변수 -->
	<!-- property를 통해 멤버 변수에 값 집어넣기 -> setter Method  -->
	<bean id="tilesConfigure" class="org.springframework.web.servlet.view.tiles3.TilesConfigurer">
		<property name="definitions">
			<list>
				<value>/WEB-INF/deftiles/tiles.xml</value>
			</list>
		</property>
		<property name="preparerFactoryClass">
			<value>
				org.springframework.web.servlet.view.tiles3.SpringBeanPreparerFactory
			</value>
		</property>
	</bean>
	
	<!-- ViewResolver가 Tiles로 가도록 설정 -->
	<bean id="viewResolver" class="org.springframework.web.servlet.view.UrlBasedViewResolver">
		<property name="viewClass">
			<value>
				org.springframework.web.servlet.view.tiles3.TilesView
			</value>
		</property>
	</bean>

</beans>
